respondent_id,age,gender,education,income,employment_status,trust_in_government,civic_participation,region,survey_date
1,63,Male,University,19077,Self-employed,2,No,Eldoret,9/5/2023
2,20,Male,College,46894,Self-employed,5,No,Nairobi,6/4/2023
3,46,Female,College,4739,Self-employed,1,Yes,Nyeri,6/5/2023
4,52,Male,Primary,17938,Unemployed,4,Yes,Eldoret,7/16/2023
5,56,Male,No formal education,34774,Student,1,No,Eldoret,8/18/2023
6,35,Female,Primary,33300,Employed,5,No,Nyeri,5/13/2023
7,37,Female,Secondary,26107,Self-employed,4,Yes,Garissa,6/18/2023
8,60,Male,Secondary,14904,Unemployed,1,No,Garissa,8/23/2023
9,40,Female,Secondary,31636,Employed,5,Yes,Nairobi,5/19/2023
10,51,Female,Secondary,32376,Self-employed,1,Yes,Mombasa,10/26/2023
11,50,Female,College,31666,Student,4,No,Garissa,6/23/2023
12,67,Female,Primary,24854,Employed,4,No,Kisumu,2/1/2023
13,65,Male,University,30063,Student,5,No,Kisumu,10/25/2023
14,27,Female,University,27331,Student,4,No,Kisumu,3/11/2023
15,50,Female,University,30913,Unemployed,4,No,Kisumu,3/15/2023
16,64,Male,Primary,51697,Student,1,Yes,Mombasa,10/25/2023
17,50,Female,College,42448,Employed,4,No,Mombasa,6/26/2023
18,65,Female,College,33130,Student,1,No,Mombasa,10/27/2023
19,43,Other,Secondary,33416,Student,3,No,Garissa,9/1/2023
20,37,Female,College,10944,Self-employed,2,No,Eldoret,5/1/2023
21,32,Male,University,35502,Unemployed,3,No,Nyeri,9/27/2023
22,54,Male,Primary,40587,Retired,5,Yes,Eldoret,2/22/2023
23,50,Male,Secondary,26073,Employed,5,No,Mombasa,8/2/2023
24,34,Male,Secondary,28407,Unemployed,1,No,Mombasa,8/31/2023
25,22,Female,Secondary,25225,Employed,4,No,Nyeri,4/13/2023
26,67,Female,Primary,24951,Self-employed,3,No,Nairobi,12/8/2023
27,21,Female,College,10503,Unemployed,4,No,Garissa,6/19/2023
28,20,Male,University,24562,Self-employed,4,Yes,Nairobi,9/24/2023
29,38,Male,Secondary,17052,Retired,2,No,Kisumu,6/23/2023
30,57,Female,University,31166,Unemployed,5,No,Eldoret,2/1/2023
31,20,Male,Primary,15706,Unemployed,5,No,Kisumu,6/10/2023
32,38,Female,Primary,12471,Self-employed,3,No,Eldoret,12/31/2023
33,65,Female,Secondary,35193,Employed,2,No,Kisumu,8/7/2023
34,66,Female,Secondary,33527,Self-employed,4,No,Garissa,11/18/2023
35,25,Male,College,18623,Employed,4,No,Nairobi,11/30/2023
36,59,Male,Secondary,45375,Self-employed,1,No,Eldoret,3/23/2023
37,53,Female,University,24970,Retired,2,Yes,Garissa,5/31/2023
38,46,Male,Primary,31592,Student,1,No,Mombasa,4/25/2023
39,70,Male,Secondary,11849,Self-employed,5,Yes,Nairobi,9/8/2023
40,56,Male,College,24818,Unemployed,5,Yes,Mombasa,11/5/2023
41,51,Male,Primary,33458,Self-employed,2,No,Nairobi,2/28/2023
42,39,Male,Secondary,47159,Student,2,No,Nairobi,4/20/2023
43,48,Male,College,22158,Student,5,Yes,Nairobi,2/27/2023
44,45,Female,Secondary,15521,Retired,5,No,Mombasa,2/21/2023
45,52,Male,University,57914,Employed,5,No,Kisumu,7/16/2023
46,51,Female,Secondary,46069,Self-employed,5,No,Nyeri,3/30/2023
47,30,Male,Primary,42880,Employed,3,No,Nairobi,10/28/2023
48,58,Male,Secondary,38039,Retired,5,No,Garissa,4/9/2023
49,21,Male,University,30475,Employed,5,No,Nyeri,11/6/2023
50,60,Female,University,40639,Student,4,No,Nyeri,2/2/2023
51,23,Other,College,39884,Self-employed,3,No,Nairobi,4/23/2023
52,18,Female,Primary,18036,Self-employed,4,No,Garissa,6/19/2023
53,29,Female,Secondary,29750,Self-employed,3,No,Mombasa,9/11/2023
54,52,Female,College,9987,Self-employed,1,No,Eldoret,12/26/2023
55,28,Female,Primary,56483,Unemployed,3,No,Eldoret,11/23/2023
56,40,Male,Secondary,41201,Self-employed,2,No,Eldoret,9/6/2023
57,31,Male,University,25359,Student,3,Yes,Eldoret,5/6/2023
58,36,Female,Primary,50052,Unemployed,1,Yes,Garissa,3/10/2023
59,54,Female,Secondary,26392,Self-employed,3,Yes,Kisumu,4/11/2023
60,33,Female,Primary,47337,Employed,3,Yes,Nyeri,6/18/2023
61,61,Female,University,12790,Retired,2,Yes,Nyeri,7/16/2023
62,45,Female,Primary,17791,Employed,3,Yes,Garissa,3/9/2023
63,62,Female,Primary,32843,Unemployed,5,No,Nyeri,8/9/2023
64,48,Male,Primary,24506,Self-employed,3,No,Mombasa,6/17/2023
65,70,Female,Secondary,21217,Employed,5,Yes,Nairobi,4/15/2023
66,24,Male,University,21576,Student,4,No,Eldoret,12/13/2023
67,63,Other,Primary,41419,Student,1,No,Nairobi,11/27/2023
68,69,Female,Postgraduate,36942,Student,5,No,Nyeri,3/28/2023
69,44,Female,Postgraduate,28943,Student,5,No,Garissa,6/19/2023
70,34,Male,Primary,14778,Student,1,No,Eldoret,2/14/2023
71,24,Male,University,48214,Employed,4,No,Garissa,6/8/2023
72,32,Male,Postgraduate,37690,Student,4,No,Eldoret,12/10/2023
73,70,Female,Postgraduate,24760,Student,5,No,Nyeri,11/10/2023
74,57,Female,Secondary,25763,Student,2,No,Kisumu,3/24/2023
75,29,Female,College,37603,Unemployed,1,Yes,Nairobi,2/21/2023
76,25,Male,Primary,29244,Self-employed,4,Yes,Eldoret,10/10/2023
77,19,Female,College,5714,Employed,4,Yes,Nyeri,4/11/2023
78,61,Male,Primary,22533,Unemployed,5,Yes,Eldoret,5/3/2023
79,55,Female,Primary,29827,Employed,2,Yes,Garissa,6/13/2023
80,43,Male,Secondary,26021,Employed,2,Yes,Eldoret,3/19/2023
81,68,Male,Secondary,45115,Unemployed,3,Yes,Kisumu,4/10/2023
82,38,Male,Secondary,15330,Self-employed,2,No,Mombasa,1/26/2023
83,67,Male,College,34185,Self-employed,3,Yes,Garissa,6/14/2023
84,30,Male,Primary,53905,Retired,3,Yes,Eldoret,1/14/2023
85,36,Female,Secondary,36279,Retired,5,No,Mombasa,11/7/2023
86,35,Male,Secondary,34481,Student,3,No,Nairobi,2/3/2023
87,19,Male,College,20600,Self-employed,2,Yes,Kisumu,2/27/2023
88,69,Female,Secondary,48109,Student,5,No,Nairobi,9/17/2023
89,62,Female,Secondary,14887,Employed,2,No,Nyeri,12/22/2023
90,59,Male,Secondary,23873,Student,5,No,Mombasa,3/10/2023
91,66,Male,University,43033,Self-employed,2,Yes,Mombasa,8/31/2023
92,45,Female,Primary,29584,Employed,4,No,Mombasa,9/27/2023
93,67,Male,University,10080,Unemployed,2,No,Mombasa,5/19/2023
94,40,Male,Secondary,18412,Retired,4,No,Mombasa,2/22/2023
95,21,Female,University,4303,Employed,1,No,Nairobi,11/25/2023
96,21,Female,Primary,45728,Unemployed,4,No,Nyeri,7/13/2023
97,29,Male,University,23142,Student,5,No,Nairobi,4/29/2023
98,39,Female,No formal education,31265,Unemployed,1,No,Eldoret,1/23/2023
99,43,Female,University,40922,Student,4,No,Nairobi,5/9/2023
100,57,Female,Postgraduate,32043,Student,5,No,Nyeri,8/21/2023
101,59,Female,Primary,8552,Employed,4,Yes,Garissa,11/20/2023
102,52,Female,University,15444,Retired,5,Yes,Nairobi,4/1/2023
103,21,Male,Primary,32160,Self-employed,4,Yes,Garissa,9/24/2023
104,29,Male,College,31674,Student,3,No,Eldoret,8/31/2023
105,21,Female,University,36742,Student,4,No,Nairobi,5/12/2023
106,69,Female,University,53555,Student,2,No,Nyeri,5/13/2023
107,48,Male,Primary,23461,Student,4,No,Garissa,3/8/2023
108,24,Male,Primary,35375,Student,4,No,Nyeri,2/2/2023
109,27,Female,College,31414,Employed,4,No,Mombasa,6/10/2023
110,41,Female,College,36932,Student,4,Yes,Nyeri,5/3/2023
111,32,Female,Secondary,38129,Self-employed,4,No,Nyeri,9/25/2023
112,56,Male,Postgraduate,43926,Unemployed,1,Yes,Kisumu,10/4/2023
113,37,Female,Primary,26687,Student,2,Yes,Nyeri,1/15/2023
114,24,Female,Primary,28734,Self-employed,5,No,Nairobi,8/8/2023
115,30,Female,Secondary,39372,Retired,1,No,Kisumu,9/13/2023
116,45,Male,College,29127,Self-employed,3,No,Garissa,10/31/2023
117,56,Female,University,35821,Retired,3,No,Nairobi,12/18/2023
118,35,Female,University,24041,Unemployed,3,No,Garissa,9/13/2023
119,64,Male,No formal education,8481,Student,1,No,Eldoret,1/21/2023
120,28,Female,University,41906,Employed,1,No,Nairobi,2/28/2023
121,53,Female,Secondary,50116,Retired,3,Yes,Eldoret,10/27/2023
122,70,Female,Primary,36929,Unemployed,5,No,Eldoret,3/10/2023
123,53,Male,Secondary,15620,Unemployed,2,No,Mombasa,12/26/2023
124,19,Male,University,29507,Self-employed,3,No,Nairobi,5/26/2023
125,65,Male,Secondary,32575,Employed,5,No,Garissa,3/27/2023
126,63,Male,Secondary,48620,Unemployed,3,No,Garissa,5/18/2023
127,34,Female,College,38974,Unemployed,4,No,Garissa,2/19/2023
128,23,Female,College,37557,Retired,4,Yes,Mombasa,3/18/2023
129,58,Male,Secondary,44373,Retired,5,Yes,Kisumu,12/16/2023
130,63,Male,Postgraduate,35422,Unemployed,3,No,Garissa,7/1/2023
131,40,Male,Postgraduate,39180,Self-employed,5,No,Eldoret,10/5/2023
132,64,Female,University,30671,Student,1,No,Mombasa,6/12/2023
133,33,Female,College,23837,Retired,5,No,Nairobi,8/21/2023
134,58,Female,Primary,41481,Employed,3,Yes,Garissa,12/17/2023
135,43,Male,Primary,41854,Retired,4,Yes,Mombasa,10/29/2023
136,63,Female,Postgraduate,13009,Self-employed,2,Yes,Nyeri,7/16/2023
137,67,Male,Primary,27669,Unemployed,5,No,Nairobi,2/1/2023
138,18,Female,University,24598,Unemployed,5,Yes,Nairobi,7/19/2023
139,53,Male,No formal education,46792,Retired,4,Yes,Mombasa,11/4/2023
140,47,Female,Primary,47826,Employed,5,No,Nairobi,6/24/2023
141,19,Female,Secondary,33844,Unemployed,4,Yes,Nairobi,2/12/2023
142,37,Male,Postgraduate,59924,Self-employed,3,No,Nairobi,8/19/2023
143,22,Male,Secondary,16249,Student,4,Yes,Nyeri,2/28/2023
144,48,Male,Primary,35947,Student,1,Yes,Kisumu,7/11/2023
145,25,Male,Primary,32376,Employed,1,No,Kisumu,8/16/2023
146,47,Female,College,20129,Employed,1,No,Nairobi,2/2/2023
147,56,Female,Postgraduate,12005,Employed,3,Yes,Garissa,5/19/2023
148,19,Female,Primary,35276,Self-employed,3,Yes,Nyeri,1/23/2023
149,70,Male,University,15643,Student,5,No,Garissa,7/27/2023
150,30,Male,Secondary,36668,Retired,4,Yes,Nyeri,11/17/2023
151,21,Female,Primary,24573,Student,4,No,Mombasa,4/26/2023
152,62,Male,College,33359,Student,1,Yes,Eldoret,8/5/2023
153,69,Male,College,21722,Employed,4,No,Kisumu,9/4/2023
154,25,Male,College,27434,Student,4,No,Nairobi,7/29/2023
155,56,Female,University,17927,Employed,2,No,Kisumu,12/22/2023
156,42,Male,College,29158,Retired,1,No,Mombasa,5/21/2023
157,24,Female,Secondary,55085,Employed,4,No,Mombasa,8/21/2023
158,31,Female,Secondary,21993,Retired,5,No,Mombasa,4/14/2023
159,46,Female,Secondary,23173,Self-employed,3,Yes,Mombasa,2/7/2023
160,62,Female,Secondary,58008,Unemployed,4,No,Eldoret,4/3/2023
161,38,Male,Secondary,24879,Employed,3,Yes,Kisumu,3/2/2023
162,54,Other,Secondary,50171,Retired,1,No,Kisumu,11/7/2023
163,66,Female,Secondary,38626,Retired,5,No,Kisumu,6/29/2023
164,50,Female,Primary,26462,Retired,4,No,Eldoret,10/15/2023
165,58,Male,University,24157,Retired,2,No,Garissa,5/8/2023
166,42,Female,University,29653,Self-employed,2,No,Nairobi,7/28/2023
167,70,Female,College,20677,Student,1,Yes,Kisumu,3/31/2023
168,63,Male,University,30390,Employed,2,No,Garissa,7/23/2023
169,31,Female,Secondary,27001,Student,3,No,Kisumu,9/7/2023
170,26,Male,University,37192,Unemployed,2,Yes,Kisumu,9/5/2023
171,32,Male,Primary,22733,Student,5,No,Kisumu,5/3/2023
172,24,Other,Postgraduate,18153,Employed,3,Yes,Kisumu,7/23/2023
173,19,Male,Secondary,28319,Retired,3,No,Nyeri,8/23/2023
174,48,Female,College,35597,Unemployed,5,Yes,Garissa,7/31/2023
175,24,Male,Primary,26002,Unemployed,5,No,Nyeri,6/18/2023
176,58,Female,College,18951,Employed,5,No,Nairobi,7/10/2023
177,28,Female,Primary,31421,Self-employed,5,No,Nyeri,3/30/2023
178,30,Male,University,26241,Student,5,No,Mombasa,6/12/2023
179,30,Male,University,14469,Unemployed,5,No,Garissa,3/2/2023
180,43,Male,Primary,19465,Student,4,No,Nairobi,10/3/2023
181,60,Female,Secondary,22389,Retired,4,No,Garissa,8/6/2023
182,67,Male,College,19382,Unemployed,3,No,Garissa,6/5/2023
183,25,Male,Secondary,30393,Self-employed,1,No,Eldoret,7/21/2023
184,31,Female,Secondary,7934,Retired,2,No,Nairobi,2/26/2023
185,62,Female,Primary,42473,Employed,3,No,Nairobi,4/17/2023
186,19,Female,Secondary,43399,Self-employed,4,No,Eldoret,7/7/2023
187,59,Male,Secondary,53522,Retired,5,No,Eldoret,6/30/2023
188,32,Female,College,7493,Retired,5,Yes,Mombasa,9/23/2023
189,41,Male,Primary,39641,Retired,1,Yes,Kisumu,3/22/2023
190,51,Female,College,41758,Retired,1,No,Eldoret,11/21/2023
191,21,Male,Primary,31032,Unemployed,2,No,Mombasa,5/9/2023
192,35,Male,College,28652,Unemployed,5,No,Mombasa,10/19/2023
193,42,Female,Primary,41602,Student,4,Yes,Nairobi,8/30/2023
194,64,Female,College,36641,Retired,2,Yes,Garissa,4/6/2023
195,41,Male,University,31215,Unemployed,4,No,Garissa,4/7/2023
196,23,Male,Primary,22499,Retired,2,No,Eldoret,5/9/2023
197,51,Female,College,41736,Retired,5,No,Nyeri,3/24/2023
198,68,Female,Secondary,27640,Employed,4,No,Kisumu,4/29/2023
199,55,Female,Secondary,9924,Student,3,Yes,Garissa,9/8/2023
200,20,Female,College,50712,Retired,2,No,Kisumu,6/30/2023
201,36,Female,College,35341,Student,3,Yes,Nyeri,12/10/2023
202,64,Female,Secondary,36976,Student,2,Yes,Eldoret,8/5/2023
203,63,Male,Secondary,42522,Student,2,No,Nairobi,5/11/2023
204,53,Female,College,13056,Student,4,No,Mombasa,5/3/2023
205,36,Male,College,29293,Unemployed,4,No,Nairobi,4/29/2023
206,45,Male,Postgraduate,36532,Student,1,No,Nyeri,7/11/2023
207,64,Male,University,38321,Employed,2,No,Garissa,7/2/2023
208,27,Female,University,16058,Unemployed,3,No,Kisumu,8/21/2023
209,35,Male,University,24141,Retired,1,Yes,Kisumu,6/28/2023
210,21,Male,University,34949,Student,2,Yes,Kisumu,3/21/2023
211,29,Male,College,40347,Employed,3,No,Nyeri,2/13/2023
212,44,Female,Primary,38833,Employed,1,No,Garissa,9/29/2023
213,46,Male,Secondary,23916,Employed,5,No,Kisumu,4/3/2023
214,29,Female,University,27396,Retired,4,No,Kisumu,6/10/2023
215,28,Male,Postgraduate,24632,Student,5,No,Garissa,4/5/2023
216,21,Female,College,40268,Retired,2,No,Eldoret,10/19/2023
217,63,Male,Primary,30473,Student,3,No,Kisumu,5/9/2023
218,41,Male,University,9209,Self-employed,3,No,Nyeri,12/16/2023
219,43,Female,Primary,19831,Self-employed,5,No,Eldoret,3/31/2023
220,45,Male,College,43800,Retired,4,No,Eldoret,1/19/2023
221,64,Male,Secondary,54303,Retired,3,Yes,Eldoret,5/14/2023
222,21,Female,Primary,23140,Student,3,No,Nyeri,7/25/2023
223,53,Male,Primary,41565,Unemployed,4,No,Nyeri,8/9/2023
224,32,Male,Primary,27173,Student,1,No,Eldoret,9/26/2023
225,39,Female,Postgraduate,37182,Retired,5,No,Nairobi,6/15/2023
226,66,Female,Secondary,40883,Student,4,Yes,Mombasa,6/16/2023
227,41,Female,Secondary,2638,Student,3,No,Mombasa,7/12/2023
228,41,Male,Primary,22294,Self-employed,5,Yes,Mombasa,2/2/2023
229,54,Female,Secondary,26902,Student,5,No,Mombasa,1/14/2023
230,22,Male,University,24487,Unemployed,1,Yes,Garissa,12/26/2023
231,23,Female,Primary,32904,Unemployed,5,Yes,Garissa,7/18/2023
232,66,Male,Secondary,40229,Student,4,No,Nyeri,1/2/2023
233,27,Male,Secondary,27204,Employed,1,No,Kisumu,3/29/2023
234,20,Female,University,33460,Unemployed,5,No,Eldoret,10/29/2023
235,55,Male,Secondary,21004,Unemployed,3,No,Eldoret,7/19/2023
236,51,Other,Secondary,10991,Unemployed,4,No,Mombasa,5/27/2023
237,23,Male,Secondary,29397,Student,5,No,Nairobi,9/11/2023
238,27,Female,No formal education,40317,Self-employed,2,No,Nairobi,1/26/2023
239,33,Female,Primary,48216,Unemployed,3,No,Eldoret,2/23/2023
240,46,Female,College,30873,Retired,5,No,Nyeri,6/28/2023
241,20,Female,College,27537,Student,2,No,Eldoret,1/2/2023
242,28,Male,Primary,19273,Retired,4,No,Eldoret,9/18/2023
243,54,Male,Secondary,17524,Unemployed,5,No,Kisumu,9/26/2023
244,21,Female,Secondary,16244,Retired,2,Yes,Garissa,7/27/2023
245,66,Female,University,32812,Unemployed,4,No,Kisumu,10/15/2023
246,21,Male,College,16425,Employed,2,No,Garissa,12/23/2023
247,41,Female,College,28344,Student,4,No,Eldoret,1/15/2023
248,45,Male,Secondary,35782,Retired,1,No,Eldoret,8/18/2023
249,52,Female,Primary,20654,Student,4,Yes,Eldoret,7/13/2023
250,55,Male,Postgraduate,37722,Employed,1,No,Mombasa,1/18/2023
251,67,Female,Secondary,52843,Retired,2,No,Nairobi,12/18/2023
252,41,Male,Postgraduate,41078,Student,4,No,Nyeri,1/22/2023
253,39,Female,Primary,38731,Student,4,No,Mombasa,10/6/2023
254,43,Male,College,43787,Student,5,No,Nyeri,7/12/2023
255,35,Female,College,22586,Self-employed,3,Yes,Nyeri,1/28/2023
256,20,Female,University,10091,Employed,3,Yes,Eldoret,6/14/2023
257,63,Female,Secondary,42246,Unemployed,4,No,Nairobi,6/15/2023
258,28,Female,Primary,9596,Student,3,No,Garissa,5/26/2023
259,26,Female,Postgraduate,28700,Unemployed,1,No,Kisumu,1/7/2023
260,50,Female,Secondary,25810,Retired,1,Yes,Kisumu,11/4/2023
261,43,Male,Secondary,11979,Unemployed,3,No,Eldoret,3/30/2023
262,53,Female,Secondary,36193,Student,3,Yes,Nyeri,4/17/2023
263,21,Male,Secondary,31016,Retired,5,No,Garissa,8/13/2023
264,69,Male,Secondary,36575,Student,1,Yes,Nyeri,11/9/2023
265,19,Female,University,37902,Retired,1,No,Nyeri,12/15/2023
266,25,Male,Primary,6891,Self-employed,1,Yes,Eldoret,1/17/2023
267,24,Male,College,35953,Student,1,No,Eldoret,3/6/2023
268,53,Female,Secondary,27466,Unemployed,2,Yes,Nyeri,11/2/2023
269,51,Female,College,18273,Retired,3,No,Kisumu,6/2/2023
270,57,Female,University,34331,Unemployed,3,No,Nyeri,12/18/2023
271,36,Female,Secondary,9300,Student,4,Yes,Garissa,3/26/2023
272,46,Male,College,33579,Unemployed,5,Yes,Mombasa,12/25/2023
273,56,Male,Secondary,9397,Student,2,No,Nairobi,6/23/2023
274,23,Female,Secondary,17686,Employed,2,No,Nairobi,1/31/2023
275,27,Female,University,27813,Employed,2,No,Garissa,5/4/2023
276,58,Female,Primary,17406,Self-employed,2,No,Kisumu,1/8/2023
277,59,Male,University,42165,Employed,5,No,Kisumu,12/4/2023
278,22,Male,University,20208,Employed,1,No,Mombasa,8/23/2023
279,41,Male,Primary,33460,Student,2,No,Garissa,8/22/2023
280,58,Female,University,28838,Student,2,Yes,Nairobi,11/30/2023
281,39,Female,Secondary,30412,Student,1,No,Nyeri,9/9/2023
282,43,Male,Primary,34605,Student,5,No,Nairobi,12/1/2023
283,68,Other,Postgraduate,41884,Unemployed,2,Yes,Garissa,1/17/2023
284,54,Male,University,48197,Unemployed,5,Yes,Nyeri,7/18/2023
285,62,Female,Primary,35563,Retired,4,Yes,Nyeri,12/11/2023
286,46,Male,University,32272,Self-employed,1,Yes,Eldoret,8/19/2023
287,53,Female,Secondary,31101,Student,1,No,Nyeri,11/24/2023
288,37,Male,Primary,1116,Retired,5,Yes,Mombasa,4/24/2023
289,35,Male,College,26275,Self-employed,3,Yes,Garissa,2/28/2023
290,57,Other,Secondary,21973,Student,3,Yes,Nairobi,2/6/2023
291,62,Female,Secondary,18257,Student,4,No,Garissa,7/10/2023
292,58,Female,Secondary,46200,Unemployed,5,Yes,Nairobi,5/7/2023
293,32,Female,Secondary,15982,Employed,5,No,Nyeri,7/17/2023
294,32,Male,College,39611,Retired,1,No,Garissa,2/26/2023
295,41,Female,Secondary,27093,Retired,3,No,Eldoret,9/29/2023
296,46,Female,Primary,26854,Employed,1,No,Nairobi,4/4/2023
297,34,Female,College,37036,Unemployed,5,No,Kisumu,11/12/2023
298,66,Female,Secondary,21765,Unemployed,3,No,Nairobi,9/1/2023
299,64,Female,Secondary,16481,Self-employed,4,No,Garissa,8/3/2023
300,42,Male,College,45781,Employed,4,No,Kisumu,8/19/2023
301,33,Female,Secondary,44454,Retired,5,No,Eldoret,6/9/2023
302,67,Female,Primary,33604,Student,4,No,Nairobi,1/12/2023
303,34,Female,Primary,42046,Unemployed,5,Yes,Nyeri,5/9/2023
304,64,Male,College,29121,Unemployed,3,No,Nairobi,6/10/2023
305,64,Male,Primary,34972,Self-employed,2,No,Nyeri,9/29/2023
306,38,Female,Secondary,28183,Self-employed,3,No,Nyeri,10/28/2023
307,61,Female,No formal education,21690,Retired,4,Yes,Eldoret,7/21/2023
308,65,Male,Primary,22278,Employed,4,No,Eldoret,5/29/2023
309,44,Male,Secondary,29165,Employed,5,No,Nairobi,1/9/2023
310,22,Female,College,40649,Unemployed,3,Yes,Mombasa,8/22/2023
311,39,Male,University,21877,Employed,4,Yes,Nairobi,1/4/2023
312,50,Male,Secondary,35325,Unemployed,2,No,Eldoret,1/7/2023
313,57,Female,Postgraduate,40506,Unemployed,1,No,Eldoret,9/25/2023
314,19,Female,College,17845,Unemployed,5,No,Kisumu,10/15/2023
315,52,Male,University,14781,Self-employed,4,No,Kisumu,9/11/2023
316,60,Female,No formal education,34419,Unemployed,5,No,Kisumu,12/27/2023
317,36,Female,Primary,34760,Self-employed,1,Yes,Eldoret,2/28/2023
318,57,Male,Primary,25929,Student,1,Yes,Garissa,10/17/2023
319,44,Male,Postgraduate,27042,Unemployed,2,No,Nairobi,10/16/2023
320,57,Male,Secondary,43897,Retired,2,No,Mombasa,4/18/2023
321,53,Male,University,29858,Unemployed,4,No,Eldoret,9/3/2023
322,56,Female,University,26993,Unemployed,3,Yes,Eldoret,9/28/2023
323,19,Female,College,19136,Employed,1,Yes,Eldoret,3/27/2023
324,58,Male,Secondary,44760,Unemployed,4,No,Kisumu,12/13/2023
325,70,Male,College,28926,Student,1,No,Garissa,11/20/2023
326,35,Male,Secondary,39870,Self-employed,5,No,Garissa,3/19/2023
327,63,Male,Secondary,37886,Retired,4,No,Mombasa,8/8/2023
328,40,Male,University,13314,Self-employed,5,Yes,Nairobi,5/13/2023
329,43,Male,Primary,43790,Employed,4,No,Mombasa,5/3/2023
330,28,Male,Primary,31908,Retired,3,Yes,Garissa,1/17/2023
331,65,Female,Secondary,38869,Self-employed,1,Yes,Nairobi,1/26/2023
332,18,Female,Secondary,47197,Unemployed,5,Yes,Nyeri,8/9/2023
333,53,Male,College,20880,Retired,4,No,Kisumu,2/10/2023
334,67,Female,Primary,2468,Employed,3,Yes,Nairobi,3/24/2023
335,37,Male,College,17776,Employed,3,Yes,Mombasa,7/11/2023
336,48,Female,Secondary,27848,Self-employed,5,No,Eldoret,3/7/2023
337,25,Female,Secondary,34866,Student,2,Yes,Nairobi,6/10/2023
338,57,Female,No formal education,18921,Student,2,Yes,Nyeri,3/28/2023
339,41,Female,University,17501,Retired,5,No,Garissa,6/7/2023
340,37,Female,College,11774,Employed,3,No,Kisumu,5/26/2023
341,32,Female,University,55449,Employed,5,No,Mombasa,11/4/2023
342,47,Other,Secondary,-638,Employed,1,No,Eldoret,12/9/2023
343,37,Male,Secondary,37085,Self-employed,5,No,Nairobi,1/1/2023
344,55,Female,College,16716,Employed,3,No,Garissa,5/1/2023
345,19,Male,Primary,30737,Unemployed,2,Yes,Garissa,11/23/2023
346,23,Female,College,40714,Retired,2,Yes,Mombasa,2/1/2023
347,59,Male,Secondary,28826,Unemployed,2,No,Eldoret,5/19/2023
348,35,Female,No formal education,30058,Self-employed,1,No,Kisumu,10/6/2023
349,53,Female,College,38574,Employed,1,No,Nairobi,5/26/2023
350,31,Male,Secondary,29134,Unemployed,4,Yes,Garissa,10/2/2023
351,43,Male,Secondary,39937,Employed,4,Yes,Garissa,11/26/2023
352,51,Male,Primary,23049,Self-employed,5,No,Garissa,11/21/2023
353,47,Female,University,15627,Retired,2,No,Kisumu,8/29/2023
354,24,Female,No formal education,22082,Employed,5,No,Eldoret,12/24/2023
355,47,Female,College,48659,Self-employed,2,No,Kisumu,9/30/2023
356,35,Female,Postgraduate,29916,Retired,2,No,Garissa,7/10/2023
357,39,Female,Primary,27457,Self-employed,2,Yes,Nyeri,8/2/2023
358,34,Male,Secondary,40409,Employed,3,No,Nairobi,12/31/2023
359,48,Male,Secondary,19246,Student,1,Yes,Nyeri,5/24/2023
360,34,Male,Secondary,23367,Self-employed,1,No,Nairobi,10/16/2023
361,48,Female,College,25959,Employed,4,No,Eldoret,11/2/2023
362,30,Male,Primary,27217,Self-employed,3,No,Mombasa,12/3/2023
363,44,Female,University,31460,Student,5,Yes,Kisumu,12/6/2023
364,37,Female,College,31254,Unemployed,3,No,Kisumu,11/5/2023
365,34,Male,Postgraduate,36931,Retired,5,No,Eldoret,8/29/2023
366,46,Male,Secondary,41960,Retired,3,No,Eldoret,6/6/2023
367,56,Female,College,16690,Retired,5,Yes,Nyeri,9/20/2023
368,52,Female,Postgraduate,30538,Student,2,Yes,Nyeri,1/16/2023
369,25,Female,Secondary,37103,Retired,3,No,Mombasa,11/9/2023
370,60,Female,College,17146,Employed,2,No,Kisumu,8/16/2023
371,55,Male,Secondary,48484,Employed,2,No,Mombasa,5/22/2023
372,32,Female,Primary,49277,Student,2,No,Garissa,1/25/2023
373,67,Female,University,15313,Unemployed,1,No,Garissa,4/25/2023
374,18,Female,University,44161,Retired,2,No,Garissa,4/21/2023
375,50,Male,College,15678,Student,4,Yes,Mombasa,2/9/2023
376,20,Male,Secondary,29320,Retired,4,No,Eldoret,1/19/2023
377,56,Male,Primary,22608,Unemployed,1,No,Eldoret,12/25/2023
378,55,Female,Secondary,18663,Student,3,No,Nairobi,5/7/2023
379,65,Female,Postgraduate,41241,Self-employed,4,Yes,Garissa,11/26/2023
380,32,Female,College,23142,Employed,1,Yes,Nyeri,10/8/2023
381,59,Female,No formal education,29168,Employed,4,No,Eldoret,9/10/2023
382,35,Female,Secondary,23443,Self-employed,2,No,Nairobi,3/16/2023
383,55,Male,Secondary,51565,Employed,1,Yes,Eldoret,12/30/2023
384,48,Male,University,33072,Student,3,No,Nyeri,10/29/2023
385,37,Female,Primary,30756,Student,1,No,Eldoret,5/13/2023
386,24,Male,No formal education,28141,Retired,1,No,Nyeri,11/13/2023
387,54,Female,College,30139,Retired,4,No,Eldoret,5/8/2023
388,44,Other,College,48466,Employed,4,Yes,Garissa,11/14/2023
389,25,Other,Secondary,55164,Employed,2,No,Nairobi,1/28/2023
390,31,Male,College,27657,Employed,2,No,Eldoret,3/19/2023
391,67,Male,College,32857,Student,5,Yes,Nyeri,6/8/2023
392,32,Female,College,32598,Unemployed,5,Yes,Eldoret,6/20/2023
393,24,Male,Secondary,38715,Self-employed,5,No,Nyeri,9/30/2023
394,50,Female,Primary,42259,Student,2,No,Nyeri,6/13/2023
395,69,Female,Secondary,42732,Unemployed,2,No,Nairobi,3/7/2023
396,51,Female,Postgraduate,50968,Unemployed,2,No,Kisumu,9/11/2023
397,21,Female,Primary,41212,Employed,5,No,Nairobi,4/3/2023
398,18,Male,Secondary,45714,Retired,2,No,Nyeri,4/5/2023
399,58,Male,Postgraduate,34198,Unemployed,2,No,Mombasa,4/14/2023
400,31,Female,Secondary,46049,Retired,3,No,Nyeri,6/13/2023
401,48,Female,University,22530,Employed,1,No,Nyeri,7/3/2023
402,55,Female,University,34111,Employed,5,No,Mombasa,10/10/2023
403,67,Female,University,23263,Student,5,No,Mombasa,12/24/2023
404,70,Female,Secondary,46096,Retired,2,No,Eldoret,6/18/2023
405,37,Male,Secondary,36621,Retired,4,No,Kisumu,11/14/2023
406,20,Male,Secondary,46010,Retired,4,Yes,Nyeri,6/25/2023
407,52,Male,Secondary,25963,Employed,4,No,Mombasa,7/27/2023
408,63,Male,Primary,42020,Self-employed,1,No,Kisumu,4/13/2023
409,50,Female,College,33556,Employed,3,Yes,Nyeri,4/7/2023
410,32,Female,University,46093,Unemployed,5,No,Kisumu,11/2/2023
411,20,Female,University,24432,Student,2,No,Nyeri,12/16/2023
412,45,Male,University,26714,Employed,4,Yes,Nyeri,12/27/2023
413,44,Male,College,24107,Employed,4,No,Kisumu,1/7/2023
414,64,Male,Primary,47613,Employed,5,No,Mombasa,9/4/2023
415,64,Male,Primary,19588,Unemployed,2,No,Eldoret,7/26/2023
416,50,Male,College,17561,Student,4,Yes,Nyeri,3/11/2023
417,36,Male,Secondary,37995,Student,5,No,Garissa,9/19/2023
418,50,Male,Secondary,13259,Student,2,No,Nairobi,12/15/2023
419,48,Female,Primary,24169,Self-employed,1,No,Nyeri,3/28/2023
420,21,Female,Primary,29581,Employed,4,Yes,Garissa,5/7/2023
421,49,Female,University,18172,Employed,2,No,Mombasa,2/28/2023
422,59,Female,College,39318,Unemployed,5,No,Nyeri,12/4/2023
423,45,Female,College,40850,Student,4,No,Eldoret,9/4/2023
424,33,Female,No formal education,43980,Retired,5,No,Garissa,12/6/2023
425,66,Female,Secondary,19269,Self-employed,5,No,Nairobi,5/15/2023
426,60,Female,College,31550,Employed,4,No,Garissa,12/13/2023
427,45,Female,Primary,38952,Self-employed,3,No,Eldoret,10/4/2023
428,32,Female,Primary,42222,Self-employed,4,Yes,Kisumu,3/7/2023
429,65,Female,College,37430,Retired,1,No,Kisumu,1/1/2023
430,39,Male,Secondary,28968,Unemployed,3,No,Garissa,8/8/2023
431,48,Female,Primary,43014,Student,4,No,Garissa,12/22/2023
432,38,Male,No formal education,55956,Employed,4,No,Eldoret,12/16/2023
433,49,Male,Primary,44104,Self-employed,3,No,Nairobi,9/20/2023
434,24,Other,Secondary,33544,Retired,4,No,Kisumu,4/17/2023
435,50,Male,No formal education,19254,Employed,1,No,Mombasa,12/13/2023
436,25,Male,College,30784,Unemployed,2,No,Nairobi,8/12/2023
437,31,Female,Postgraduate,29991,Student,1,No,Nyeri,6/28/2023
438,42,Female,Primary,37364,Employed,3,No,Mombasa,7/23/2023
439,49,Male,College,34964,Student,2,Yes,Eldoret,6/18/2023
440,45,Male,Secondary,25655,Employed,4,No,Mombasa,10/3/2023
441,19,Male,Secondary,14989,Student,4,No,Nairobi,7/9/2023
442,34,Female,Secondary,18379,Employed,2,Yes,Eldoret,5/6/2023
443,44,Male,University,35880,Retired,4,No,Garissa,8/21/2023
444,19,Male,Secondary,19167,Employed,2,No,Nairobi,7/19/2023
445,25,Male,Primary,22897,Retired,1,Yes,Kisumu,6/21/2023
446,55,Male,Primary,26920,Unemployed,1,Yes,Garissa,9/4/2023
447,37,Female,Primary,31886,Employed,5,Yes,Nyeri,12/15/2023
448,66,Female,Secondary,14210,Student,3,Yes,Kisumu,4/3/2023
449,54,Female,Primary,24885,Self-employed,5,No,Eldoret,4/25/2023
450,38,Female,College,11217,Unemployed,5,No,Garissa,4/12/2023
451,43,Female,College,40445,Self-employed,5,No,Mombasa,3/17/2023
452,48,Female,College,14233,Self-employed,5,No,Garissa,10/6/2023
453,37,Male,Secondary,33492,Unemployed,1,Yes,Nairobi,6/18/2023
454,23,Male,Secondary,39618,Retired,2,No,Eldoret,1/4/2023
455,67,Female,Primary,13704,Employed,4,No,Mombasa,2/13/2023
456,32,Male,Secondary,28587,Self-employed,3,Yes,Mombasa,1/18/2023
457,18,Male,Postgraduate,36438,Unemployed,1,No,Nyeri,2/17/2023
458,43,Male,University,27935,Employed,1,No,Kisumu,9/29/2023
459,46,Male,College,36603,Student,2,No,Garissa,8/1/2023
460,19,Male,College,25259,Retired,3,No,Kisumu,4/30/2023
461,39,Male,Primary,37001,Unemployed,4,No,Nyeri,10/4/2023
462,46,Other,Postgraduate,38447,Self-employed,2,No,Nyeri,12/26/2023
463,26,Male,Primary,22161,Employed,1,No,Kisumu,1/30/2023
464,58,Female,Primary,29155,Student,4,Yes,Mombasa,7/17/2023
465,38,Male,Primary,20537,Unemployed,3,No,Eldoret,1/7/2023
466,49,Male,University,46872,Retired,1,No,Nyeri,6/24/2023
467,49,Male,Primary,44216,Unemployed,1,No,Garissa,9/15/2023
468,64,Male,University,21515,Retired,4,No,Garissa,1/1/2023
469,61,Other,University,25395,Employed,5,Yes,Nairobi,5/12/2023
470,57,Female,College,37919,Student,1,Yes,Kisumu,3/8/2023
471,43,Male,College,22062,Retired,5,No,Kisumu,12/4/2023
472,65,Female,Secondary,16452,Self-employed,2,No,Mombasa,9/18/2023
473,30,Male,Primary,6402,Unemployed,3,No,Eldoret,6/3/2023
474,20,Male,Secondary,39175,Employed,4,No,Nairobi,1/7/2023
475,49,Female,College,54393,Employed,5,No,Garissa,6/26/2023
476,50,Female,Primary,24744,Retired,4,No,Mombasa,10/27/2023
477,50,Female,College,39046,Self-employed,4,No,Kisumu,4/21/2023
478,59,Female,Primary,18673,Employed,5,No,Kisumu,11/17/2023
479,59,Female,Postgraduate,32389,Employed,1,No,Mombasa,4/5/2023
480,30,Male,College,39476,Retired,5,Yes,Nairobi,6/29/2023
481,60,Male,University,23263,Retired,3,No,Eldoret,6/1/2023
482,23,Female,Secondary,31036,Retired,3,No,Eldoret,1/10/2023
483,21,Female,Secondary,39511,Unemployed,5,No,Nyeri,12/15/2023
484,55,Female,Secondary,29053,Student,1,No,Nairobi,2/19/2023
485,23,Other,Secondary,41884,Retired,3,No,Mombasa,10/11/2023
486,68,Male,Secondary,44807,Retired,2,Yes,Nyeri,9/8/2023
487,20,Female,College,20087,Retired,5,Yes,Nyeri,2/9/2023
488,44,Female,Secondary,29147,Unemployed,2,Yes,Garissa,2/12/2023
489,57,Male,University,17877,Unemployed,3,Yes,Eldoret,8/26/2023
490,37,Male,Secondary,26380,Self-employed,2,No,Eldoret,3/6/2023
491,35,Female,University,20917,Employed,4,No,Kisumu,5/6/2023
492,37,Male,Secondary,30672,Student,2,No,Garissa,11/2/2023
493,47,Female,University,9928,Self-employed,3,No,Nyeri,11/23/2023
494,27,Male,Secondary,29586,Employed,2,No,Nyeri,6/1/2023
495,69,Female,Secondary,18144,Self-employed,5,Yes,Mombasa,8/24/2023
496,40,Female,Secondary,26373,Unemployed,1,Yes,Nyeri,4/4/2023
497,64,Male,College,45171,Retired,4,No,Nyeri,1/8/2023
498,20,Female,College,20675,Self-employed,2,No,Kisumu,5/11/2023
499,69,Male,Secondary,26207,Student,5,Yes,Nairobi,4/7/2023
500,67,Female,Secondary,43277,Student,4,No,Nyeri,3/8/2023
501,26,Female,College,23771,Employed,1,No,Eldoret,5/27/2023
502,66,Female,College,32327,Student,1,Yes,Kisumu,2/25/2023
503,36,Male,University,42246,Unemployed,5,No,Mombasa,8/9/2023
504,53,Male,Secondary,29085,Student,1,No,Mombasa,6/11/2023
505,57,Female,Secondary,23834,Self-employed,5,No,Eldoret,11/5/2023
506,44,Female,Primary,40473,Student,1,Yes,Nairobi,10/27/2023
507,59,Female,Secondary,28726,Self-employed,2,Yes,Eldoret,9/20/2023
508,45,Female,Primary,35853,Self-employed,3,No,Nyeri,11/8/2023
509,60,Male,University,51388,Retired,3,No,Kisumu,3/3/2023
510,68,Male,College,28334,Unemployed,3,No,Eldoret,5/4/2023
511,25,Male,Postgraduate,50205,Employed,3,Yes,Kisumu,8/23/2023
512,59,Female,University,41749,Self-employed,2,No,Garissa,1/4/2023
513,65,Other,Primary,32132,Retired,4,No,Nyeri,7/18/2023
514,25,Female,College,57897,Student,5,No,Garissa,4/15/2023
515,35,Female,Primary,32418,Student,4,No,Kisumu,2/18/2023
516,38,Female,College,29263,Employed,4,No,Nyeri,8/6/2023
517,63,Male,Secondary,38398,Unemployed,1,Yes,Kisumu,1/30/2023
518,30,Female,Primary,25267,Unemployed,4,No,Garissa,8/18/2023
519,44,Female,Secondary,10088,Self-employed,5,Yes,Garissa,9/25/2023
520,64,Male,Secondary,10896,Self-employed,2,No,Nairobi,8/26/2023
521,57,Female,Secondary,22337,Unemployed,1,Yes,Mombasa,5/31/2023
522,70,Male,Primary,2983,Unemployed,2,No,Mombasa,7/4/2023
523,33,Male,College,24583,Unemployed,3,Yes,Nyeri,8/20/2023
524,57,Female,Primary,31068,Employed,4,No,Kisumu,12/6/2023
525,26,Male,College,39272,Employed,2,No,Nairobi,12/11/2023
526,44,Female,College,37868,Student,2,Yes,Mombasa,12/30/2023
527,34,Male,Postgraduate,22252,Employed,2,Yes,Nyeri,4/19/2023
528,20,Female,Primary,30857,Unemployed,5,No,Garissa,1/7/2023
529,70,Male,Primary,47746,Unemployed,3,No,Garissa,6/26/2023
530,21,Female,College,30451,Self-employed,3,No,Mombasa,3/25/2023
531,57,Male,College,49931,Employed,5,Yes,Kisumu,4/30/2023
532,69,Male,Secondary,25288,Unemployed,1,Yes,Kisumu,1/7/2023
533,18,Male,Primary,14541,Unemployed,3,No,Kisumu,3/13/2023
534,31,Male,College,40138,Employed,5,No,Nairobi,9/15/2023
535,25,Male,Secondary,36925,Retired,3,No,Eldoret,3/23/2023
536,24,Female,College,19193,Student,3,No,Garissa,8/28/2023
537,47,Female,Secondary,35239,Self-employed,5,No,Garissa,9/25/2023
538,42,Male,Secondary,20067,Employed,2,No,Eldoret,1/30/2023
539,56,Female,Secondary,15742,Student,2,No,Eldoret,8/30/2023
540,33,Female,Postgraduate,23633,Unemployed,3,No,Nyeri,11/11/2023
541,28,Female,University,42881,Unemployed,5,No,Mombasa,10/31/2023
542,42,Male,Primary,41788,Self-employed,1,No,Garissa,12/25/2023
543,50,Female,College,26501,Retired,2,Yes,Nyeri,9/17/2023
544,69,Female,College,55085,Student,2,No,Kisumu,12/9/2023
545,68,Male,Primary,8934,Student,3,No,Nairobi,3/13/2023
546,65,Male,University,33450,Retired,4,No,Garissa,4/10/2023
547,38,Female,College,38064,Unemployed,3,No,Mombasa,12/6/2023
548,69,Female,Postgraduate,56344,Self-employed,1,Yes,Mombasa,11/9/2023
549,69,Female,University,25010,Employed,4,No,Kisumu,11/8/2023
550,27,Male,College,13717,Self-employed,2,Yes,Kisumu,2/14/2023
551,67,Female,College,19220,Unemployed,4,No,Nyeri,10/14/2023
552,26,Female,Secondary,-4705,Employed,1,Yes,Garissa,3/12/2023
553,18,Male,University,44704,Employed,4,No,Nairobi,2/14/2023
554,51,Female,Secondary,29648,Employed,1,No,Mombasa,6/23/2023
555,48,Male,College,22695,Employed,4,No,Mombasa,10/4/2023
556,38,Female,Postgraduate,27091,Employed,2,No,Nyeri,2/2/2023
557,41,Male,University,27904,Student,3,No,Eldoret,12/5/2023
558,36,Male,Secondary,23381,Student,2,No,Kisumu,12/31/2023
559,65,Female,University,36475,Unemployed,1,No,Kisumu,2/20/2023
560,38,Male,College,38786,Unemployed,2,No,Kisumu,3/27/2023
561,42,Female,College,44279,Unemployed,3,No,Nairobi,6/17/2023
562,37,Male,Primary,38547,Self-employed,3,No,Nyeri,4/18/2023
563,70,Male,University,24158,Self-employed,5,No,Nyeri,10/11/2023
564,43,Female,College,17416,Employed,4,Yes,Garissa,12/26/2023
565,24,Male,Secondary,15811,Employed,4,Yes,Nyeri,9/12/2023
566,20,Female,College,35938,Student,5,No,Nyeri,5/18/2023
567,57,Female,College,22181,Employed,1,No,Kisumu,7/30/2023
568,65,Male,Primary,12042,Student,3,No,Mombasa,11/15/2023
569,25,Male,University,27322,Unemployed,4,No,Garissa,8/26/2023
570,70,Female,College,11283,Self-employed,3,Yes,Nairobi,11/23/2023
571,47,Male,College,50204,Self-employed,1,Yes,Mombasa,9/16/2023
572,28,Male,College,35583,Student,3,No,Kisumu,9/7/2023
573,25,Female,College,32256,Retired,5,No,Nyeri,7/18/2023
574,54,Female,College,24664,Student,5,Yes,Garissa,4/22/2023
575,34,Male,Postgraduate,25860,Student,2,Yes,Nyeri,1/30/2023
576,25,Male,College,45465,Retired,4,No,Mombasa,7/5/2023
577,64,Female,Secondary,24313,Student,2,Yes,Nyeri,8/27/2023
578,61,Male,Secondary,38861,Unemployed,1,No,Eldoret,3/23/2023
579,47,Female,Secondary,39048,Retired,4,No,Garissa,5/13/2023
580,60,Male,College,44004,Unemployed,1,Yes,Kisumu,2/9/2023
581,60,Female,College,20466,Retired,3,No,Garissa,3/3/2023
582,33,Male,Primary,40673,Retired,5,No,Nyeri,5/29/2023
583,21,Female,Primary,26786,Self-employed,3,No,Eldoret,3/10/2023
584,38,Male,Postgraduate,36455,Unemployed,3,No,Garissa,7/2/2023
585,67,Male,College,36320,Unemployed,5,No,Nairobi,4/30/2023
586,51,Female,College,18040,Student,5,Yes,Garissa,4/4/2023
587,57,Male,Primary,14512,Student,1,No,Nyeri,10/30/2023
588,52,Male,Primary,26902,Unemployed,1,No,Nyeri,9/20/2023
589,30,Male,Secondary,31245,Retired,1,No,Kisumu,11/9/2023
590,60,Female,Primary,28599,Employed,5,No,Nairobi,7/7/2023
591,44,Male,Postgraduate,21045,Student,2,Yes,Nairobi,5/1/2023
592,25,Other,Primary,31145,Self-employed,2,No,Kisumu,1/30/2023
593,58,Female,College,32410,Student,1,Yes,Garissa,8/9/2023
594,59,Male,College,19112,Retired,4,No,Eldoret,12/12/2023
595,46,Female,College,42038,Student,5,No,Mombasa,4/26/2023
596,33,Female,Primary,2469,Employed,2,No,Eldoret,1/17/2023
597,60,Male,Secondary,17108,Self-employed,1,No,Nairobi,1/27/2023
598,70,Male,College,37123,Employed,1,No,Kisumu,3/27/2023
599,63,Female,Secondary,20190,Unemployed,1,No,Eldoret,7/5/2023
600,22,Male,Primary,30116,Self-employed,2,Yes,Kisumu,3/24/2023
601,54,Male,College,34184,Self-employed,1,No,Nyeri,8/27/2023
602,57,Male,Secondary,17999,Retired,3,No,Garissa,11/12/2023
603,57,Other,No formal education,45070,Unemployed,1,No,Nyeri,11/16/2023
604,59,Male,Primary,34687,Employed,1,No,Eldoret,4/28/2023
605,27,Male,Secondary,6904,Unemployed,2,No,Nyeri,5/2/2023
606,32,Female,Postgraduate,28349,Self-employed,4,Yes,Mombasa,4/16/2023
607,38,Female,Primary,18249,Unemployed,1,Yes,Kisumu,4/3/2023
608,51,Female,Secondary,2679,Employed,5,No,Nairobi,4/16/2023
609,39,Male,Secondary,14804,Unemployed,1,No,Mombasa,8/1/2023
610,39,Other,College,46368,Retired,3,No,Nairobi,10/14/2023
611,26,Male,Secondary,30741,Unemployed,2,No,Mombasa,2/11/2023
612,43,Male,Secondary,14375,Unemployed,5,Yes,Garissa,2/27/2023
613,30,Male,College,30633,Student,3,No,Mombasa,9/12/2023
614,35,Male,Secondary,18333,Student,4,Yes,Nyeri,11/22/2023
615,18,Male,College,25998,Student,4,Yes,Kisumu,8/19/2023
616,40,Male,Primary,12314,Self-employed,3,Yes,Garissa,12/18/2023
617,50,Female,College,35869,Self-employed,4,No,Eldoret,8/15/2023
618,64,Female,Primary,34031,Employed,1,Yes,Nairobi,8/9/2023
619,48,Male,Primary,19312,Employed,1,No,Garissa,11/24/2023
620,38,Female,Primary,48863,Self-employed,5,No,Garissa,9/15/2023
621,40,Male,College,26462,Employed,4,No,Nyeri,10/27/2023
622,33,Female,University,39908,Employed,2,Yes,Mombasa,2/1/2023
623,44,Male,Postgraduate,41060,Unemployed,2,No,Nairobi,9/4/2023
624,54,Female,College,38940,Self-employed,5,No,Mombasa,3/20/2023
625,55,Female,Primary,22503,Self-employed,3,No,Garissa,12/25/2023
626,69,Female,Primary,39608,Self-employed,1,No,Nyeri,1/8/2023
627,31,Female,No formal education,41198,Employed,3,No,Nairobi,8/25/2023
628,54,Female,College,36948,Retired,3,Yes,Eldoret,11/6/2023
629,64,Male,Primary,35864,Retired,1,No,Nairobi,4/19/2023
630,24,Female,University,36884,Retired,5,Yes,Eldoret,2/9/2023
631,29,Female,University,11424,Self-employed,4,No,Nyeri,12/22/2023
632,45,Female,Primary,31238,Unemployed,2,No,Eldoret,10/17/2023
633,20,Male,Secondary,40969,Student,4,No,Eldoret,8/11/2023
634,39,Female,University,50957,Employed,3,No,Mombasa,1/12/2023
635,68,Female,College,27521,Student,4,No,Kisumu,4/25/2023
636,38,Male,Secondary,14659,Employed,1,Yes,Nyeri,8/24/2023
637,46,Male,No formal education,37999,Self-employed,2,No,Eldoret,10/23/2023
638,37,Female,College,46449,Student,4,No,Kisumu,9/24/2023
639,20,Female,Secondary,31909,Unemployed,5,Yes,Nairobi,6/10/2023
640,44,Male,University,23223,Self-employed,3,No,Nairobi,8/23/2023
641,38,Male,College,25041,Retired,2,Yes,Nairobi,9/16/2023
642,58,Female,College,43796,Student,5,No,Garissa,5/31/2023
643,50,Female,Postgraduate,52913,Unemployed,2,No,Nyeri,11/17/2023
644,47,Female,Secondary,12079,Self-employed,3,Yes,Mombasa,4/27/2023
645,65,Male,Secondary,34919,Self-employed,3,Yes,Mombasa,1/1/2023
646,56,Female,Postgraduate,18550,Employed,1,Yes,Garissa,5/12/2023
647,58,Male,Primary,34416,Unemployed,5,No,Eldoret,3/4/2023
648,26,Female,University,24971,Retired,2,No,Nyeri,6/28/2023
649,65,Female,Primary,47434,Retired,3,Yes,Nyeri,11/24/2023
650,55,Male,Secondary,40662,Self-employed,5,Yes,Nairobi,9/3/2023
651,40,Male,College,40757,Employed,1,No,Kisumu,10/4/2023
652,40,Female,Secondary,13940,Unemployed,4,Yes,Kisumu,2/12/2023
653,18,Male,Secondary,30771,Employed,2,No,Nairobi,9/4/2023
654,38,Female,College,43548,Self-employed,3,Yes,Kisumu,7/26/2023
655,49,Female,College,37721,Unemployed,3,No,Nyeri,10/6/2023
656,62,Female,Secondary,24900,Self-employed,5,No,Nyeri,4/2/2023
657,43,Male,College,43542,Student,2,No,Eldoret,4/21/2023
658,50,Male,University,28407,Retired,2,No,Nyeri,8/8/2023
659,26,Male,Secondary,33195,Employed,5,No,Kisumu,10/28/2023
660,34,Male,Primary,13413,Unemployed,3,No,Eldoret,4/17/2023
661,23,Female,Postgraduate,28551,Student,5,No,Kisumu,7/26/2023
662,63,Male,College,26433,Student,5,No,Nairobi,3/31/2023
663,24,Male,Primary,40415,Unemployed,5,No,Eldoret,12/2/2023
664,24,Male,Secondary,36154,Self-employed,1,No,Kisumu,6/25/2023
665,54,Female,Primary,31489,Self-employed,4,No,Garissa,1/16/2023
666,22,Male,Secondary,24615,Self-employed,5,No,Eldoret,3/29/2023
667,50,Male,No formal education,21495,Self-employed,3,Yes,Nyeri,2/17/2023
668,67,Male,Postgraduate,23212,Student,4,Yes,Eldoret,6/28/2023
669,27,Female,Postgraduate,43980,Self-employed,5,No,Mombasa,1/31/2023
670,34,Male,Secondary,17370,Unemployed,3,No,Nyeri,8/3/2023
671,57,Female,Primary,10791,Student,3,Yes,Garissa,5/12/2023
672,45,Female,Secondary,15314,Self-employed,4,No,Kisumu,1/20/2023
673,64,Male,College,27220,Self-employed,1,No,Garissa,6/15/2023
674,63,Male,College,41089,Unemployed,4,No,Garissa,4/25/2023
675,39,Female,Primary,44655,Student,3,No,Nairobi,6/26/2023
676,38,Male,Secondary,37302,Student,4,Yes,Mombasa,7/27/2023
677,64,Female,College,21943,Student,2,No,Mombasa,7/6/2023
678,49,Female,Primary,31257,Employed,1,No,Garissa,11/14/2023
679,49,Other,Secondary,31159,Student,3,Yes,Garissa,4/1/2023
680,68,Male,College,33483,Retired,3,No,Garissa,2/12/2023
681,53,Male,Secondary,22736,Student,4,No,Garissa,9/13/2023
682,48,Male,Primary,-531,Retired,1,Yes,Nairobi,5/23/2023
683,23,Female,University,39359,Student,3,Yes,Nyeri,5/24/2023
684,38,Female,Primary,10658,Unemployed,5,No,Kisumu,4/4/2023
685,52,Male,College,40227,Retired,1,Yes,Nyeri,1/2/2023
686,31,Male,Primary,39143,Employed,5,No,Nyeri,3/21/2023
687,40,Female,Secondary,33200,Student,1,No,Kisumu,4/15/2023
688,59,Female,Secondary,34813,Unemployed,3,No,Eldoret,11/27/2023
689,41,Female,University,32736,Student,4,No,Eldoret,4/26/2023
690,47,Male,Primary,21492,Retired,3,No,Kisumu,2/3/2023
691,27,Female,College,23434,Self-employed,1,No,Garissa,9/14/2023
692,22,Male,Secondary,21163,Unemployed,1,No,Eldoret,12/24/2023
693,59,Female,Primary,34514,Retired,5,No,Mombasa,11/27/2023
694,47,Female,College,46093,Employed,4,No,Nyeri,4/1/2023
695,24,Male,Secondary,22920,Employed,4,No,Nairobi,4/1/2023
696,23,Male,Postgraduate,29488,Student,2,Yes,Garissa,5/1/2023
697,25,Female,University,5781,Unemployed,4,No,Nairobi,9/9/2023
698,69,Male,Secondary,14931,Unemployed,4,No,Nyeri,3/12/2023
699,43,Female,Secondary,10015,Retired,4,No,Eldoret,10/15/2023
700,35,Male,Secondary,36410,Retired,1,Yes,Kisumu,11/14/2023
701,53,Male,No formal education,29282,Employed,4,Yes,Nyeri,3/4/2023
702,43,Female,University,26341,Unemployed,5,No,Garissa,3/25/2023
703,53,Male,No formal education,28605,Employed,3,No,Nyeri,5/20/2023
704,58,Male,Primary,28292,Self-employed,4,No,Nyeri,12/8/2023
705,21,Male,Secondary,31871,Unemployed,3,Yes,Nairobi,3/29/2023
706,30,Male,Primary,27361,Unemployed,2,No,Garissa,8/26/2023
707,41,Male,College,25397,Unemployed,2,No,Kisumu,1/29/2023
708,48,Female,Secondary,30327,Employed,2,Yes,Mombasa,10/13/2023
709,39,Female,University,28723,Self-employed,1,Yes,Nairobi,8/13/2023
710,57,Male,University,38479,Student,5,Yes,Nairobi,4/26/2023
711,35,Female,College,23682,Student,3,No,Mombasa,1/14/2023
712,51,Female,Secondary,14973,Employed,4,No,Mombasa,7/19/2023
713,40,Male,Secondary,38759,Retired,2,Yes,Kisumu,8/7/2023
714,56,Female,College,12564,Unemployed,1,No,Nairobi,5/21/2023
715,64,Male,Secondary,42339,Unemployed,3,No,Kisumu,4/3/2023
716,54,Female,University,34883,Retired,1,No,Nairobi,7/15/2023
717,64,Female,College,34016,Unemployed,3,No,Nairobi,3/14/2023
718,18,Male,University,12988,Retired,2,No,Mombasa,2/6/2023
719,59,Female,No formal education,15598,Student,1,No,Nairobi,1/4/2023
720,37,Male,Secondary,29505,Employed,4,Yes,Kisumu,9/9/2023
721,64,Female,No formal education,41126,Retired,2,No,Kisumu,9/10/2023
722,42,Female,Postgraduate,27285,Retired,3,No,Garissa,12/14/2023
723,23,Female,University,27699,Employed,1,No,Nyeri,12/15/2023
724,69,Female,Secondary,41735,Retired,1,Yes,Eldoret,1/8/2023
725,47,Male,College,39706,Student,5,No,Mombasa,11/23/2023
726,37,Male,University,14253,Retired,4,No,Nyeri,7/6/2023
727,26,Male,Secondary,14123,Retired,2,No,Nairobi,1/3/2023
728,65,Male,Secondary,42032,Employed,1,No,Nairobi,3/3/2023
729,66,Male,University,35169,Self-employed,2,No,Mombasa,9/12/2023
730,35,Female,Primary,41830,Self-employed,1,No,Mombasa,6/3/2023
731,57,Female,Postgraduate,52660,Employed,5,No,Mombasa,2/11/2023
732,20,Female,College,31797,Self-employed,3,No,Mombasa,6/14/2023
733,53,Female,University,8066,Self-employed,1,No,Nairobi,3/25/2023
734,23,Female,Postgraduate,21073,Employed,3,No,Kisumu,4/22/2023
735,61,Female,University,19558,Employed,2,No,Nyeri,6/21/2023
736,55,Female,University,13759,Retired,2,No,Eldoret,3/19/2023
737,18,Female,College,3342,Employed,3,No,Garissa,5/27/2023
738,36,Female,University,56993,Employed,5,No,Mombasa,6/7/2023
739,55,Male,Secondary,13395,Unemployed,5,Yes,Mombasa,9/4/2023
740,45,Female,Primary,10410,Retired,3,No,Mombasa,8/28/2023
741,64,Male,No formal education,58072,Employed,2,No,Mombasa,6/15/2023
742,26,Male,Secondary,31185,Employed,1,No,Eldoret,9/6/2023
743,64,Male,Primary,33440,Retired,1,No,Kisumu,8/31/2023
744,27,Male,University,15734,Retired,2,No,Garissa,11/23/2023
745,41,Male,Secondary,26542,Retired,1,Yes,Garissa,12/26/2023
746,43,Male,Secondary,17684,Employed,2,No,Nyeri,2/8/2023
747,25,Male,Secondary,19122,Employed,3,Yes,Garissa,7/1/2023
748,22,Male,Primary,43773,Student,2,No,Mombasa,7/20/2023
749,30,Male,University,3291,Retired,1,No,Mombasa,11/25/2023
750,39,Male,Secondary,898,Student,1,No,Kisumu,1/21/2023
751,51,Female,College,7021,Unemployed,4,Yes,Kisumu,1/18/2023
752,42,Female,College,45287,Student,5,Yes,Mombasa,5/18/2023
753,40,Female,College,16363,Retired,1,No,Kisumu,2/10/2023
754,58,Male,Secondary,55224,Retired,3,No,Nyeri,5/21/2023
755,65,Female,Primary,7376,Retired,1,Yes,Nairobi,3/8/2023
756,38,Female,Secondary,38409,Retired,5,No,Eldoret,11/10/2023
757,20,Male,Primary,46550,Employed,1,No,Garissa,4/30/2023
758,25,Female,University,19712,Self-employed,1,No,Nyeri,2/15/2023
759,63,Male,University,44694,Employed,5,No,Nairobi,8/7/2023
760,67,Female,Secondary,26654,Retired,3,No,Nyeri,7/25/2023
761,56,Male,College,13587,Unemployed,4,No,Mombasa,5/28/2023
762,68,Female,Secondary,25958,Employed,3,No,Kisumu,5/8/2023
763,56,Other,Secondary,32240,Retired,3,Yes,Mombasa,11/29/2023
764,39,Male,Primary,44575,Employed,3,Yes,Eldoret,4/25/2023
765,62,Female,College,14861,Employed,5,Yes,Nairobi,9/10/2023
766,28,Male,Primary,17476,Self-employed,5,No,Nairobi,2/17/2023
767,40,Male,College,48174,Unemployed,1,No,Nairobi,9/8/2023
768,66,Female,Primary,32891,Self-employed,1,No,Mombasa,6/4/2023
769,33,Male,Secondary,28439,Retired,2,Yes,Eldoret,2/15/2023
770,69,Female,Secondary,40011,Self-employed,1,No,Kisumu,7/13/2023
771,68,Female,Secondary,18050,Employed,1,No,Nyeri,9/12/2023
772,45,Male,Secondary,51585,Unemployed,1,No,Nairobi,1/15/2023
773,52,Male,College,10443,Student,2,No,Mombasa,9/6/2023
774,59,Male,Secondary,27108,Self-employed,2,Yes,Mombasa,5/17/2023
775,46,Male,Secondary,37188,Self-employed,1,Yes,Nairobi,3/21/2023
776,55,Female,University,40182,Employed,5,No,Mombasa,2/1/2023
777,23,Female,University,43680,Student,4,Yes,Nairobi,3/9/2023
778,66,Male,College,45852,Self-employed,2,No,Mombasa,5/16/2023
779,31,Female,College,35929,Employed,1,No,Mombasa,6/9/2023
780,46,Female,College,33661,Self-employed,2,No,Eldoret,1/14/2023
781,66,Female,University,38251,Employed,5,No,Nyeri,2/18/2023
782,45,Male,University,28150,Employed,1,No,Nyeri,7/18/2023
783,27,Female,College,33969,Unemployed,1,No,Eldoret,11/22/2023
784,63,Female,Secondary,18289,Self-employed,3,No,Nyeri,1/15/2023
785,64,Male,Postgraduate,34754,Self-employed,4,No,Garissa,8/1/2023
786,21,Male,Primary,35781,Employed,3,No,Nyeri,11/13/2023
787,41,Male,Primary,20987,Self-employed,5,Yes,Nyeri,8/2/2023
788,19,Male,Primary,8880,Retired,3,Yes,Nyeri,6/24/2023
789,63,Female,Secondary,21836,Retired,4,Yes,Eldoret,7/22/2023
790,46,Male,College,26896,Student,4,No,Eldoret,6/18/2023
791,42,Other,Secondary,7831,Retired,4,Yes,Kisumu,11/10/2023
792,48,Female,Secondary,34803,Self-employed,4,No,Eldoret,9/17/2023
793,64,Male,No formal education,35256,Employed,3,No,Kisumu,7/20/2023
794,68,Male,College,24840,Employed,1,No,Nairobi,3/30/2023
795,63,Female,Postgraduate,35642,Student,2,No,Mombasa,12/23/2023
796,32,Female,Primary,33576,Self-employed,4,Yes,Eldoret,3/3/2023
797,55,Male,Primary,20363,Self-employed,4,No,Eldoret,6/19/2023
798,50,Male,Secondary,28926,Student,4,Yes,Eldoret,10/15/2023
799,67,Female,Secondary,28792,Employed,1,No,Kisumu,12/17/2023
800,66,Female,Secondary,25491,Retired,4,No,Kisumu,11/14/2023
801,25,Female,College,34387,Unemployed,4,No,Mombasa,4/10/2023
802,57,Male,Secondary,31606,Self-employed,3,No,Garissa,8/12/2023
803,33,Female,Postgraduate,15816,Unemployed,3,No,Kisumu,2/28/2023
804,55,Female,College,41741,Employed,5,No,Nyeri,10/20/2023
805,61,Male,Postgraduate,47006,Self-employed,2,No,Kisumu,9/22/2023
806,58,Male,Primary,34138,Self-employed,3,Yes,Kisumu,6/10/2023
807,51,Male,College,40759,Unemployed,4,No,Eldoret,8/16/2023
808,23,Female,Primary,-189,Student,3,Yes,Garissa,11/20/2023
809,56,Female,Secondary,7115,Employed,3,Yes,Mombasa,7/15/2023
810,57,Female,Primary,46282,Student,5,No,Eldoret,4/27/2023
811,66,Male,Secondary,6220,Employed,2,No,Garissa,9/4/2023
812,40,Male,Primary,53149,Student,4,Yes,Nyeri,10/19/2023
813,70,Male,Secondary,49914,Student,3,No,Garissa,6/9/2023
814,67,Male,Postgraduate,41031,Student,4,No,Kisumu,1/12/2023
815,38,Female,College,22689,Retired,2,No,Nyeri,11/14/2023
816,52,Female,College,40709,Unemployed,2,No,Nairobi,3/4/2023
817,64,Female,Primary,37849,Unemployed,1,No,Nyeri,4/21/2023
818,46,Female,Primary,23461,Unemployed,1,No,Garissa,8/9/2023
819,52,Female,Postgraduate,37339,Employed,5,Yes,Mombasa,3/26/2023
820,19,Male,Secondary,24617,Employed,3,No,Nyeri,9/22/2023
821,50,Female,Secondary,42514,Employed,4,No,Eldoret,3/25/2023
822,43,Female,University,12584,Self-employed,3,Yes,Eldoret,9/23/2023
823,61,Male,Primary,39305,Retired,1,No,Eldoret,6/22/2023
824,49,Female,Primary,17395,Self-employed,1,No,Mombasa,7/26/2023
825,35,Male,College,42842,Unemployed,3,Yes,Mombasa,11/17/2023
826,51,Female,Secondary,27171,Student,1,Yes,Mombasa,5/27/2023
827,47,Female,Primary,31881,Retired,5,No,Garissa,5/15/2023
828,61,Other,College,41642,Self-employed,4,Yes,Nyeri,7/8/2023
829,40,Female,University,38341,Self-employed,1,No,Eldoret,10/18/2023
830,65,Male,Secondary,33928,Self-employed,2,Yes,Kisumu,11/24/2023
831,37,Male,Secondary,30302,Self-employed,4,No,Kisumu,12/18/2023
832,63,Female,College,36840,Unemployed,4,Yes,Nairobi,8/11/2023
833,40,Male,Secondary,35662,Self-employed,3,No,Kisumu,10/3/2023
834,57,Female,College,19982,Employed,2,Yes,Mombasa,4/29/2023
835,25,Female,Secondary,42414,Self-employed,1,No,Garissa,3/20/2023
836,31,Female,Secondary,35118,Employed,4,No,Nairobi,10/5/2023
837,40,Male,College,39298,Student,4,Yes,Nairobi,2/24/2023
838,63,Female,Secondary,29663,Retired,5,Yes,Garissa,5/3/2023
839,31,Female,Secondary,30085,Self-employed,4,No,Kisumu,2/2/2023
840,19,Female,Secondary,20194,Student,3,No,Eldoret,8/15/2023
841,21,Male,University,17371,Retired,1,No,Kisumu,12/16/2023
842,41,Male,College,13226,Self-employed,4,No,Nairobi,8/22/2023
843,68,Male,University,34674,Student,5,Yes,Kisumu,7/5/2023
844,53,Male,Primary,34977,Employed,4,No,Nyeri,5/25/2023
845,26,Male,Postgraduate,16834,Self-employed,3,Yes,Eldoret,5/2/2023
846,33,Female,Primary,15416,Student,1,No,Nyeri,8/22/2023
847,49,Male,Secondary,46807,Student,5,Yes,Eldoret,6/4/2023
848,49,Male,University,17746,Unemployed,2,Yes,Garissa,4/23/2023
849,44,Male,College,26866,Self-employed,3,Yes,Garissa,12/19/2023
850,32,Male,College,4920,Self-employed,1,Yes,Garissa,6/14/2023
851,66,Female,University,25510,Student,3,Yes,Garissa,11/8/2023
852,21,Female,Secondary,48399,Retired,5,No,Mombasa,11/15/2023
853,53,Male,College,39452,Self-employed,2,Yes,Mombasa,12/7/2023
854,42,Female,Secondary,9079,Self-employed,1,No,Eldoret,12/11/2023
855,32,Female,University,30773,Self-employed,5,No,Kisumu,9/26/2023
856,29,Female,Secondary,7155,Unemployed,3,Yes,Eldoret,12/12/2023
857,24,Female,Secondary,51736,Student,5,Yes,Garissa,10/26/2023
858,53,Male,University,42029,Employed,5,No,Kisumu,10/23/2023
859,41,Other,College,18226,Student,5,No,Nyeri,12/1/2023
860,23,Male,No formal education,41024,Employed,1,Yes,Nairobi,6/16/2023
861,65,Male,Primary,40274,Unemployed,2,No,Garissa,6/22/2023
862,58,Male,Primary,51819,Unemployed,3,No,Eldoret,1/16/2023
863,62,Male,College,16413,Self-employed,4,No,Garissa,11/28/2023
864,48,Male,Secondary,20976,Student,5,No,Eldoret,2/23/2023
865,38,Male,Primary,44680,Employed,2,Yes,Eldoret,8/9/2023
866,28,Male,College,44412,Student,5,No,Nairobi,5/23/2023
867,33,Male,Secondary,5000,Unemployed,1,No,Eldoret,7/7/2023
868,31,Male,College,52123,Retired,4,No,Nyeri,10/19/2023
869,42,Female,College,9700,Student,2,Yes,Nairobi,3/7/2023
870,31,Female,College,28448,Unemployed,5,No,Nyeri,9/18/2023
871,55,Female,Secondary,32585,Unemployed,5,No,Garissa,9/3/2023
872,35,Male,College,49162,Retired,1,No,Kisumu,6/9/2023
873,31,Female,Primary,30589,Retired,1,Yes,Mombasa,3/19/2023
874,41,Female,Secondary,28759,Employed,4,Yes,Mombasa,4/6/2023
875,68,Male,No formal education,37658,Self-employed,1,Yes,Garissa,12/10/2023
876,25,Male,Primary,33408,Unemployed,2,No,Eldoret,12/2/2023
877,62,Male,Primary,36911,Employed,1,No,Nairobi,5/10/2023
878,42,Male,Secondary,23812,Retired,1,No,Garissa,1/1/2023
879,51,Male,College,32100,Student,3,Yes,Eldoret,6/21/2023
880,62,Male,Primary,37998,Student,5,No,Eldoret,12/2/2023
881,61,Female,University,29760,Self-employed,4,Yes,Nyeri,9/21/2023
882,45,Male,University,48759,Employed,4,No,Nairobi,12/12/2023
883,41,Female,University,56467,Student,2,No,Nairobi,10/25/2023
884,35,Female,Secondary,24872,Retired,5,No,Nairobi,1/21/2023
885,51,Female,University,25762,Employed,4,No,Mombasa,5/13/2023
886,59,Male,University,12669,Unemployed,4,No,Nairobi,2/18/2023
887,20,Male,Secondary,14015,Retired,5,No,Nyeri,3/12/2023
888,29,Male,Postgraduate,18950,Employed,2,Yes,Eldoret,3/2/2023
889,53,Male,Primary,43643,Retired,2,No,Nairobi,5/13/2023
890,22,Female,Primary,11129,Retired,5,Yes,Nyeri,2/17/2023
891,36,Female,College,27390,Retired,1,No,Eldoret,7/28/2023
892,29,Male,No formal education,28850,Employed,3,Yes,Nairobi,2/28/2023
893,44,Male,Secondary,32107,Employed,5,No,Kisumu,5/7/2023
894,34,Male,College,12831,Unemployed,1,No,Kisumu,1/27/2023
895,60,Male,Postgraduate,48706,Student,4,Yes,Kisumu,11/8/2023
896,45,Male,University,-2698,Self-employed,4,No,Garissa,2/15/2023
897,57,Female,University,29236,Employed,2,No,Nyeri,7/20/2023
898,39,Male,No formal education,30314,Self-employed,1,No,Mombasa,9/30/2023
899,27,Male,Primary,21501,Unemployed,1,Yes,Mombasa,2/15/2023
900,58,Male,University,36882,Self-employed,1,No,Garissa,2/1/2023
901,23,Male,College,38951,Retired,4,No,Garissa,10/8/2023
902,34,Female,Secondary,50816,Self-employed,2,No,Kisumu,6/11/2023
903,29,Female,College,31891,Unemployed,2,No,Eldoret,4/7/2023
904,23,Female,Primary,39210,Student,5,No,Mombasa,10/20/2023
905,60,Female,Primary,19440,Employed,4,Yes,Kisumu,7/8/2023
906,39,Female,Postgraduate,17107,Employed,1,Yes,Kisumu,10/1/2023
907,67,Male,College,56995,Self-employed,2,No,Eldoret,12/17/2023
908,33,Female,Postgraduate,26192,Student,4,No,Kisumu,10/23/2023
909,21,Female,University,33994,Self-employed,4,No,Kisumu,9/4/2023
910,42,Female,Secondary,38222,Self-employed,3,No,Garissa,4/18/2023
911,50,Male,University,3779,Student,1,No,Eldoret,6/26/2023
912,18,Other,Primary,23660,Retired,1,Yes,Eldoret,4/9/2023
913,32,Female,Primary,23553,Self-employed,2,Yes,Nairobi,7/10/2023
914,34,Male,Primary,22168,Unemployed,3,No,Nyeri,5/2/2023
915,60,Female,Secondary,37534,Student,1,No,Nairobi,9/10/2023
916,36,Female,College,23622,Unemployed,2,No,Nairobi,7/25/2023
917,67,Female,Secondary,8679,Student,3,No,Garissa,7/20/2023
918,36,Female,College,48008,Student,3,No,Nyeri,5/28/2023
919,37,Female,Secondary,44386,Student,4,No,Kisumu,3/8/2023
920,18,Male,University,30773,Unemployed,2,Yes,Eldoret,5/18/2023
921,40,Male,Secondary,18814,Employed,2,Yes,Nairobi,5/15/2023
922,33,Other,University,30649,Retired,2,Yes,Nyeri,10/12/2023
923,41,Female,College,46149,Unemployed,2,No,Nyeri,1/1/2023
924,37,Female,College,45338,Self-employed,2,No,Mombasa,11/30/2023
925,32,Male,Primary,38272,Unemployed,4,No,Mombasa,6/29/2023
926,41,Male,Primary,32417,Employed,5,Yes,Kisumu,4/5/2023
927,54,Other,Secondary,45265,Employed,4,No,Eldoret,11/14/2023
928,58,Male,University,36009,Self-employed,2,No,Nyeri,8/30/2023
929,50,Female,University,33954,Student,2,No,Kisumu,8/10/2023
930,49,Male,College,19283,Retired,2,No,Mombasa,2/18/2023
931,48,Male,No formal education,31263,Employed,5,No,Mombasa,1/16/2023
932,32,Female,College,34526,Retired,5,No,Mombasa,3/12/2023
933,18,Female,Secondary,3421,Employed,4,No,Nyeri,6/8/2023
934,66,Female,Postgraduate,46966,Retired,4,No,Kisumu,8/1/2023
935,29,Male,Primary,42093,Self-employed,4,Yes,Mombasa,10/4/2023
936,52,Male,College,36679,Retired,3,No,Nyeri,5/24/2023
937,54,Male,College,32051,Student,2,Yes,Nyeri,10/11/2023
938,65,Female,University,29671,Employed,1,Yes,Garissa,8/22/2023
939,47,Female,University,8715,Unemployed,5,No,Nairobi,1/2/2023
940,43,Male,Secondary,25715,Student,2,No,Mombasa,4/6/2023
941,28,Male,College,21786,Self-employed,4,Yes,Garissa,11/18/2023
942,49,Male,Secondary,31861,Retired,3,No,Eldoret,3/24/2023
943,19,Female,Primary,22711,Student,5,Yes,Nairobi,1/16/2023
944,27,Female,Postgraduate,17658,Unemployed,3,No,Eldoret,2/18/2023
945,63,Female,Primary,23138,Retired,4,Yes,Mombasa,7/17/2023
946,39,Male,Secondary,36378,Retired,2,No,Eldoret,9/16/2023
947,26,Female,Secondary,32017,Self-employed,3,No,Kisumu,3/31/2023
948,47,Female,Primary,30479,Unemployed,3,No,Kisumu,7/9/2023
949,70,Male,Secondary,28063,Self-employed,4,No,Garissa,4/25/2023
950,42,Male,Primary,49783,Employed,3,Yes,Kisumu,5/18/2023
951,38,Male,Secondary,27527,Self-employed,3,Yes,Kisumu,4/17/2023
952,35,Male,College,32036,Self-employed,1,Yes,Nyeri,2/11/2023
953,37,Male,Primary,8805,Employed,5,No,Mombasa,5/17/2023
954,68,Male,College,45739,Retired,5,No,Nyeri,3/28/2023
955,57,Male,Primary,26728,Employed,1,No,Nairobi,1/14/2023
956,33,Female,Secondary,37054,Self-employed,2,Yes,Eldoret,10/6/2023
957,66,Female,College,17216,Student,5,Yes,Garissa,3/7/2023
958,56,Male,College,39025,Retired,2,No,Nyeri,2/21/2023
959,52,Female,College,41959,Self-employed,4,No,Kisumu,2/16/2023
960,46,Female,College,28876,Retired,2,No,Nairobi,11/30/2023
961,63,Male,College,15606,Retired,3,No,Eldoret,7/18/2023
962,47,Female,College,11296,Student,4,No,Eldoret,12/1/2023
963,69,Male,Primary,-2631,Student,1,No,Kisumu,11/8/2023
964,70,Male,Primary,38627,Employed,2,Yes,Kisumu,9/9/2023
965,65,Female,Secondary,38994,Student,2,No,Eldoret,5/26/2023
966,20,Male,Secondary,24626,Retired,2,Yes,Eldoret,1/25/2023
967,49,Female,College,31437,Employed,1,No,Kisumu,3/30/2023
968,31,Female,Secondary,32982,Self-employed,5,No,Mombasa,8/21/2023
969,43,Female,Primary,33472,Student,2,Yes,Mombasa,2/27/2023
970,22,Female,Postgraduate,34226,Self-employed,5,Yes,Garissa,10/4/2023
971,45,Female,Primary,29178,Self-employed,5,No,Nairobi,9/8/2023
972,25,Male,College,33855,Retired,2,No,Eldoret,7/18/2023
973,62,Female,University,34194,Unemployed,4,No,Garissa,12/4/2023
974,65,Female,College,33561,Self-employed,1,No,Nairobi,8/8/2023
975,50,Female,Secondary,12638,Retired,1,No,Eldoret,8/29/2023
976,53,Female,College,25413,Retired,3,Yes,Eldoret,4/25/2023
977,30,Male,Secondary,29603,Self-employed,5,No,Garissa,2/6/2023
978,37,Male,College,42962,Employed,5,No,Garissa,12/3/2023
979,35,Female,Secondary,25264,Student,1,Yes,Kisumu,4/12/2023
980,68,Male,Secondary,50689,Retired,1,Yes,Kisumu,2/13/2023
981,67,Female,Secondary,41402,Retired,3,Yes,Nyeri,9/21/2023
982,37,Male,Secondary,14946,Retired,5,No,Mombasa,4/16/2023
983,60,Female,Secondary,40876,Retired,4,Yes,Nairobi,12/4/2023
984,50,Male,Primary,37119,Employed,1,Yes,Garissa,12/6/2023
985,38,Male,Postgraduate,46571,Retired,2,Yes,Eldoret,7/21/2023
986,63,Male,University,25827,Self-employed,1,No,Garissa,2/6/2023
987,41,Other,Secondary,29386,Employed,4,No,Eldoret,11/29/2023
988,45,Male,Primary,9392,Student,5,No,Garissa,12/12/2023
989,22,Female,Primary,2849,Employed,5,Yes,Kisumu,9/8/2023
990,47,Male,No formal education,22867,Unemployed,5,Yes,Mombasa,4/24/2023
991,60,Female,Secondary,31487,Self-employed,1,No,Kisumu,12/6/2023
992,70,Male,University,26468,Retired,5,No,Garissa,4/23/2023
993,41,Male,College,23204,Student,3,No,Mombasa,4/30/2023
994,56,Female,College,30361,Retired,2,Yes,Mombasa,2/2/2023
995,31,Female,College,25435,Self-employed,5,Yes,Eldoret,6/20/2023
996,53,Female,University,16981,Student,3,No,Nairobi,6/14/2023
997,53,Female,Secondary,43393,Retired,3,Yes,Eldoret,5/19/2023
998,43,Male,College,44223,Unemployed,3,No,Nairobi,1/26/2023
999,30,Female,Secondary,21180,Employed,2,No,Nairobi,8/17/2023
1000,57,Female,College,50567,Retired,2,No,Nyeri,12/8/2023
